{"SNOW_BLOCK":{"Buy":{"count":1,"mean":0.078125,"median":0.078125,"high":0.078125,"low":0.078125},"Sell":{"count":1,"mean":0.25,"median":0.25,"high":0.25,"low":0.25}},"PUMPKIN":{"Buy":{"count":1,"mean":1,"median":1,"high":1,"low":1},"Sell":{"count":3,"mean":169.89583333333334,"median":5,"high":500,"low":4.6875}},"TORCH":{"Buy":{"count":0,"mean":null},"Sell":{"count":1,"mean":0.01,"median":0.01,"high":0.01,"low":0.01}},"STRING":{"Buy":{"count":3,"mean":0.109375,"median":0.046875,"high":0.25,"low":0.03125},"Sell":{"count":1,"mean":0.125,"median":0.125,"high":0.125,"low":0.125}},"LEAVES":{"Buy":{"count":0,"mean":null},"Sell":{"count":1,"mean":0.046875,"median":0.046875,"high":0.046875,"low":0.046875}},"LOG:3":{"Buy":{"count":2,"mean":0.15625,"median":0.1875,"high":0.1875,"low":0.125},"Sell":{"count":0,"mean":null}},"COBBLESTONE":{"Buy":{"count":3,"mean":0.020833333333333332,"median":0.0234375,"high":0.0234375,"low":0.015625},"Sell":{"count":5,"mean":0.03875,"median":0.05,"high":0.0625,"low":0.015625}},"LOG":{"Buy":{"count":2,"mean":0.15625,"median":0.1875,"high":0.1875,"low":0.125},"Sell":{"count":0,"mean":null}},"WOOD":{"Buy":{"count":2,"mean":0.0390625,"median":0.046875,"high":0.046875,"low":0.03125},"Sell":{"count":1,"mean":0.0046875,"median":0.0046875,"high":0.0046875,"low":0.0046875}},"LOG:2":{"Buy":{"count":2,"mean":0.15625,"median":0.1875,"high":0.1875,"low":0.125},"Sell":{"count":0,"mean":null}},"SLIMEBALL":{"Buy":{"count":0,"mean":null},"Sell":{"count":4,"mean":5,"median":3,"high":4,"low":10}},"WOOL":{"Buy":{"count":0,"mean":null},"Sell":{"count":3,"mean":0.057291666666666664,"median":0.0625,"high":0.0625,"low":0.046875}},"LEAVES:2":{"Buy":{"count":0,"mean":null},"Sell":{"count":1,"mean":0.046875,"median":0.046875,"high":0.046875,"low":0.046875}},"REDSTONE":{"Buy":{"count":2,"mean":0.09765625,"median":0.1171875,"high":0.1171875,"low":0.078125},"Sell":{"count":7,"mean":0.22961309523809526,"median":0.1875,"high":0.5,"low":0.0625}},"NETHERRACK":{"Buy":{"count":0,"mean":null},"Sell":{"count":3,"mean":0.016927083333333332,"median":0.01171875,"high":0.03125,"low":0.0078125}},"SANDSTONE":{"Buy":{"count":2,"mean":0.078125,"median":0.09375,"high":0.09375,"low":0.0625},"Sell":{"count":1,"mean":0.078125,"median":0.078125,"high":0.078125,"low":0.078125}},"SAND":{"Buy":{"count":4,"mean":0.04296875,"median":0.046875,"high":0.0625,"low":0.03125},"Sell":{"count":1,"mean":0.03125,"median":0.03125,"high":0.03125,"low":0.03125}},"STEP":{"Buy":{"count":0,"mean":null},"Sell":{"count":2,"mean":0.109375,"median":0.125,"high":0.125,"low":0.09375}},"GRAVEL":{"Buy":{"count":2,"mean":0.0546875,"median":0.0625,"high":0.0625,"low":0.046875},"Sell":{"count":1,"mean":0.046875,"median":0.046875,"high":0.046875,"low":0.046875}},"LAPIS_BLOCK":{"Buy":{"count":0,"mean":null},"Sell":{"count":2,"mean":1.25,"median":1.5,"high":1.5,"low":1}},"IRON INGOT":{"Buy":{"count":0,"mean":null},"Sell":{"count":1,"mean":1,"median":1,"high":1,"low":1}},"DIAMOND":{"Buy":{"count":1,"mean":11,"median":11,"high":11,"low":11},"Sell":{"count":3,"mean":14.166666666666666,"median":12,"high":20,"low":10.5}},"IRON PICKAXE":{"Buy":{"count":0,"mean":null},"Sell":{"count":1,"mean":1,"median":1,"high":1,"low":1}},"GOLD INGOT":{"Buy":{"count":0,"mean":null},"Sell":{"count":1,"mean":1.25,"median":1.25,"high":1.25,"low":1.25}},"COAL":{"Buy":{"count":1,"mean":0.078125,"median":0.078125,"high":0.078125,"low":0.078125},"Sell":{"count":1,"mean":0.125,"median":0.125,"high":0.125,"low":0.125}},"IRON SWORD":{"Buy":{"count":0,"mean":null},"Sell":{"count":1,"mean":1,"median":1,"high":1,"low":1}},"RAIL":{"Buy":{"count":0,"mean":null},"Sell":{"count":1,"mean":0.3,"median":0.3,"high":0.3,"low":0.3}},"DIODE":{"Buy":{"count":0,"mean":null},"Sell":{"count":3,"mean":3.483333333333333,"median":1.75,"high":7,"low":1.7}},"PISTON":{"Buy":{"count":0,"mean":null},"Sell":{"count":3,"mean":1.3,"median":1.25,"high":1.7,"low":0.95}},"DIRT":{"Buy":{"count":0,"mean":null},"Sell":{"count":2,"mean":0.006640625,"median":0.01171875,"high":0.01171875,"low":0.0015625}},"REDSTONE_TORCH":{"Buy":{"count":0,"mean":null},"Sell":{"count":1,"mean":0.45,"median":0.45,"high":0.45,"low":0.45}},"STONE":{"Buy":{"count":0,"mean":null},"Sell":{"count":4,"mean":0.1046875,"median":0.1,"high":0.125,"low":0.09375}},"PORK":{"Buy":{"count":0,"mean":null},"Sell":{"count":1,"mean":0.2,"median":0.2,"high":0.2,"low":0.2}},"STICK":{"Buy":{"count":0,"mean":null},"Sell":{"count":1,"mean":0.003125,"median":0.003125,"high":0.003125,"low":0.003125}},"BREAD":{"Buy":{"count":0,"mean":null},"Sell":{"count":2,"mean":0.175,"median":0.25,"high":0.25,"low":0.1}},"APPLE":{"Buy":{"count":0,"mean":null},"Sell":{"count":1,"mean":0.1,"median":0.1,"high":0.1,"low":0.1}},"STEP:0":{"Buy":{"count":0,"mean":null},"Sell":{"count":1,"mean":0.125,"median":0.125,"high":0.125,"low":0.125}},"COOKIE":{"Buy":{"count":0,"mean":null},"Sell":{"count":2,"mean":0.228125,"median":0.3,"high":0.3,"low":0.15625}},"STONE BUTTON":{"Buy":{"count":0,"mean":null},"Sell":{"count":1,"mean":0.75,"median":0.75,"high":0.75,"low":0.75}},"BOOK":{"Buy":{"count":0,"mean":null},"Sell":{"count":1,"mean":0.0390625,"median":0.0390625,"high":0.0390625,"low":0.0390625}},"POWEREDRAIL":{"Buy":{"count":0,"mean":null},"Sell":{"count":1,"mean":4.25,"median":4.25,"high":4.25,"low":4.25}},"SUGAR":{"Buy":{"count":0,"mean":null},"Sell":{"count":1,"mean":0.0078125,"median":0.0078125,"high":0.0078125,"low":0.0078125}},"CLAY":{"Buy":{"count":0,"mean":null},"Sell":{"count":3,"mean":0.46875,"median":0.46875,"high":0.625,"low":0.3125}},"WOOL:11":{"Buy":{"count":0,"mean":null},"Sell":{"count":1,"mean":0.0828125,"median":0.0828125,"high":0.0828125,"low":0.0828125}},"SULPHUR":{"Buy":{"count":1,"mean":0.28125,"median":0.28125,"high":0.28125,"low":0.28125},"Sell":{"count":3,"mean":0.29583333333333334,"median":0.3125,"high":0.375,"low":0.2}},"EGG":{"Buy":{"count":0,"mean":null},"Sell":{"count":1,"mean":10,"median":10,"high":10,"low":10}},"CAKE":{"Buy":{"count":0,"mean":null},"Sell":{"count":2,"mean":16,"median":20,"high":20,"low":12}},"LEATHER":{"Buy":{"count":0,"mean":null},"Sell":{"count":1,"mean":0.15625,"median":0.15625,"high":0.15625,"low":0.15625}},"SUGAR_CANE":{"Buy":{"count":0,"mean":null},"Sell":{"count":1,"mean":0.046875,"median":0.046875,"high":0.046875,"low":0.046875}},"OBSIDIAN":{"Buy":{"count":1,"mean":1.75,"median":1.75,"high":1.75,"low":1.75},"Sell":{"count":1,"mean":5,"median":5,"high":5,"low":5}},"IRON_SPADE":{"Buy":{"count":0,"mean":null},"Sell":{"count":1,"mean":1,"median":1,"high":1,"low":1}},"IRON_AXE":{"Buy":{"count":0,"mean":null},"Sell":{"count":1,"mean":3,"median":3,"high":3,"low":3}},"BUCKET":{"Buy":{"count":0,"mean":null},"Sell":{"count":1,"mean":3,"median":3,"high":3,"low":3}},"PISTON_STICKY_B":{"Buy":{"count":0,"mean":null},"Sell":{"count":1,"mean":7.25,"median":7.25,"high":7.25,"low":7.25}},"FLINT_AND_STEEL":{"Buy":{"count":0,"mean":null},"Sell":{"count":1,"mean":1,"median":1,"high":1,"low":1}},"TNT":{"Buy":{"count":0,"mean":null},"Sell":{"count":4,"mean":1.55,"median":1.2,"high":3,"low":1}},"BROWN_MUSHROOM":{"Buy":{"count":0,"mean":null},"Sell":{"count":1,"mean":0.0625,"median":0.0625,"high":0.0625,"low":0.0625}},"WHEAT":{"Buy":{"count":0,"mean":null},"Sell":{"count":1,"mean":0.046875,"median":0.046875,"high":0.046875,"low":0.046875}},"GREEN_RECORD":{"Buy":{"count":0,"mean":null},"Sell":{"count":2,"mean":6.5,"median":8,"high":8,"low":5}},"GOLD_RECORD":{"Buy":{"count":0,"mean":null},"Sell":{"count":2,"mean":5.25,"median":5.5,"high":5.5,"low":5}},"MOSSY_COBBLE":{"Buy":{"count":0,"mean":null},"Sell":{"count":1,"mean":0.125,"median":0.125,"high":0.125,"low":0.125}},"RED_MUSHROOM":{"Buy":{"count":0,"mean":null},"Sell":{"count":1,"mean":0.0625,"median":0.0625,"high":0.0625,"low":0.0625}},"DETECTORRAIL":{"Buy":{"count":0,"mean":null},"Sell":{"count":1,"mean":1.5,"median":1.5,"high":1.5,"low":1.5}},"IRON_SWORD":{"Buy":{"count":0,"mean":null},"Sell":{"count":1,"mean":2,"median":2,"high":2,"low":2}},